,,Iteração,,,,,,,,,,
,,1,2,3,4,5,6,7,8,9,10,Média ± Desvio Padrão
n,25,0.000003,0.000003,0.000003,0.000002,0.000002,0.000002,0.000002,0.000003,0.000002,0.000002,0.000002 ± 0.000000
,100,0.000030,0.000033,0.000033,0.000031,0.000031,0.000032,0.000031,0.000031,0.000031,0.000029,0.000031 ± 0.000001
