,,Iteração,,,,,,,,,,
,,1,2,3,4,5,6,7,8,9,10,Média ± Desvio Padrão
n,25,0.000009,0.000006,0.000005,0.000004,0.000004,0.000004,0.000004,0.000004,0.000004,0.000004,0.000005 ± 0.000002
,100,0.000012,0.000010,0.000008,0.000007,0.000007,0.000006,0.000007,0.000007,0.000007,0.000007,0.000008 ± 0.000002
,1000,0.000116,0.000116,0.000115,0.000115,0.000116,0.000115,0.000115,0.000116,0.000116,0.000115,0.000116 ± 0.000000
,10000,0.001533,0.001529,0.001540,0.001535,0.001532,0.001539,0.001533,0.001531,0.001536,0.001533,0.001534 ± 0.000003
,100000,0.021221,0.020968,0.021172,0.021188,0.021088,0.021376,0.021166,0.021292,0.021364,0.021269,0.021210 ± 0.000118
