,,Iteração,,,,,,,,,,
,,1,2,3,4,5,6,7,8,9,10,Média ± Desvio Padrão
n,25,0.000001,0.000001,0.000001,0.000001,0.000001,0.000001,0.000001,0.000001,0.000000,0.000000,0.000001 ± 0.000000
,100,0.000007,0.000007,0.000007,0.000007,0.000007,0.000007,0.000008,0.000007,0.000007,0.000007,0.000007 ± 0.000000
,1000,0.000621,0.000622,0.000643,0.000636,0.000623,0.000641,0.000641,0.000640,0.000641,0.000641,0.000635 ± 0.000009
,10000,0.064098,0.064593,0.064100,0.064316,0.063776,0.063576,0.063477,0.063536,0.065903,0.064260,0.064163 ± 0.000679
