,,Iteração,,,,,,,,,,
,,1,2,3,4,5,6,7,8,9,10,Média ± Desvio Padrão
n,25,0.000002,0.000002,0.000002,0.000001,0.000002,0.000001,0.000002,0.000002,0.000001,0.000002,0.000002 ± 0.000000
,100,0.000019,0.000020,0.000020,0.000044,0.000019,0.000020,0.000019,0.000020,0.000019,0.000027,0.000023 ± 0.000007
