,,Iteração,,,,,,,,,,
,,1,2,3,4,5,6,7,8,9,10,Média ± Desvio Padrão
n,25,0.000003,0.000002,0.000002,0.000002,0.000002,0.000002,0.000002,0.000002,0.000002,0.000002,0.000002 ± 0.000000
,100,0.000008,0.000007,0.000007,0.000006,0.000006,0.000007,0.000005,0.000006,0.000006,0.000007,0.000007 ± 0.000001
