,,Iteração,,,,,,,,,,
,,1,2,3,4,5,6,7,8,9,10,Média ± Desvio Padrão
n,25,0.000002,0.000002,0.000002,0.000002,0.000001,0.000001,0.000001,0.000001,0.000002,0.000002,0.000002 ± 0.000000
,100,0.000006,0.000007,0.000006,0.000007,0.000006,0.000006,0.000006,0.000006,0.000006,0.000006,0.000006 ± 0.000000
,1000,0.000081,0.000083,0.000084,0.000082,0.000084,0.000085,0.000083,0.000083,0.000087,0.000085,0.000084 ± 0.000002
,10000,0.001136,0.001124,0.001084,0.001051,0.001103,0.001112,0.001051,0.001127,0.001168,0.001149,0.001111 ± 0.000037
