,,Iteração,,,,,,,,,,
,,1,2,3,4,5,6,7,8,9,10,Média ± Desvio Padrão
n,25,0.000002,0.000002,0.000001,0.000002,0.000001,0.000001,0.000001,0.000001,0.000002,0.000001,0.000001 ± 0.000000
,100,0.000004,0.000005,0.000004,0.000005,0.000004,0.000004,0.000005,0.000004,0.000005,0.000005,0.000005 ± 0.000001
,1000,0.000050,0.000047,0.000050,0.000049,0.000047,0.000048,0.000048,0.000050,0.000048,0.000049,0.000049 ± 0.000001
,10000,0.000515,0.000528,0.000558,0.000541,0.000548,0.000549,0.000580,0.000523,0.000591,0.000544,0.000548 ± 0.000023
