,,Iteração,,,,,,,,,,
,,1,2,3,4,5,6,7,8,9,10,Média ± Desvio Padrão
n,25,0.000010,0.000004,0.000003,0.000003,0.000003,0.000004,0.000003,0.000003,0.000003,0.000003,0.000004 ± 0.000002
,100,0.000009,0.000007,0.000006,0.000005,0.000005,0.000004,0.000004,0.000003,0.000004,0.000003,0.000005 ± 0.000002
,1000,0.000070,0.000070,0.000069,0.000070,0.000069,0.000069,0.000069,0.000070,0.000069,0.000070,0.000069 ± 0.000000
,10000,0.000831,0.000831,0.000842,0.000834,0.000833,0.000843,0.000837,0.000831,0.000844,0.000833,0.000836 ± 0.000005
,100000,0.019366,0.019285,0.019244,0.019332,0.019266,0.019499,0.019205,0.019257,0.019366,0.019334,0.019315 ± 0.000080
