,,Iteração,,,,,,,,,,
,,1,2,3,4,5,6,7,8,9,10,Média ± Desvio Padrão
n,25,0.000004,0.000003,0.000001,0.000002,0.000001,0.000001,0.000001,0.000001,0.000002,0.000002,0.000002 ± 0.000001
,100,0.000025,0.000024,0.000023,0.000023,0.000022,0.000022,0.000022,0.000035,0.000022,0.000022,0.000024 ± 0.000004
,1000,0.001939,0.001900,0.001916,0.001901,0.001950,0.001836,0.001889,0.001906,0.001893,0.001949,0.001908 ± 0.000032
,10000,0.203963,0.203592,0.203993,0.203535,0.204515,0.204753,0.204612,0.204607,0.204367,0.204968,0.204290 ± 0.000468
