,,Iteração,,,,,,,,,,
,,1,2,3,4,5,6,7,8,9,10,Média ± Desvio Padrão
n,25,0.000003,0.000001,0.000001,0.000001,0.000001,0.000001,0.000001,0.000001,0.000001,0.000001,0.000001 ± 0.000001
,100,0.000005,0.000005,0.000005,0.000005,0.000005,0.000005,0.000005,0.000005,0.000006,0.000005,0.000005 ± 0.000000
,1000,0.000068,0.000066,0.000066,0.000067,0.000066,0.000066,0.000066,0.000065,0.000066,0.000066,0.000066 ± 0.000001
,10000,0.000824,0.000832,0.000817,0.000833,0.000835,0.000836,0.000811,0.000815,0.000833,0.000792,0.000823 ± 0.000013
